SAMPLE_ID	SUBJECT_ID	BANK_ID	AGE	SEX	BMI	SMOKING_STATUS	HISTORY_OF_SMOKING	CURRENT_SMOKER	SMOKING_PACK_YEAR	ALCOHOL_GROUP	HISTORY_OF_DRINKING	CURRENT_DRINKER	CANCER_HISTORY	CANCER_TYPE_SIMPLE	CHEMOTHERAPY_HISTORY_SIMPLE	TYPE_CHEMOTHERAPY_MANUAL	BLADDER_FINDINGS	HISTORY_URINARY_INFECTIONS	CAUSE_DEATH	ANCESTRY_ETHNICITY	CURRENT_RESIDENCY_AREA	BLADDER_LOCATION	is_dome	is_male	history_smoking	current_smoker	smoking_status	had_cancer	had_prior_chemotherapy	is_above_reproductive_age	history_drinking	current_drinker	history_urinary_infections	is_white_ancestry	urban_residency	age_decades	bmi_scaled	BMI_group	AGE_group	Sequencer	DIN	postmortem_days	days2DNA_extraction	is_NovaSeqXPlus	KMT2D_depth	ARID1A_depth	KDM6A_depth	RBM10_depth	EP300_depth	STAG2_depth	CREBBP_depth	NOTCH2_depth	FOXQ1_depth	CDKN1A_depth	KMT2C_depth	TP53_depth	RB1_depth	FGFR3_depth	PIK3CA_depth	TERTpromoter_depth	total_depth	SAMPLE_TYPE	TYPE_CHEMOTHERAPY
P19_0047_BDO_01	P19_0047	UF-20-25	46	M	29.9	former	yes	no		former	yes	no	no	no	no		normal	no	heart_disease	white	countryside	dome	1.0	1.0	1.0	0.0	1.0	0.0	0.0	0.0	1.0	0.0	0.0	1.0	0.0	4.6	0.34104046242774555	BMI_below30	AGE_below50	NovaSeq 6000	3.5	5	186.0	0.0	8078.69881471542	10281.069974143504	3356.5930003932363	4656.95242343146	8862.017385866166	4064.950011010791	6613.2626676602085	6866.809022972599	4604.716363636364	12537.872222222222	8061.174839139117	10219.111422564822	7417.390679953107	10073.442067736183	8533.763888888889	1217.225988700565	7215.315673314666	bladder_brush	
P19_0009_BTR_01	P19_0009	A150	56	F	32.8	current	yes	yes		heavy	yes	yes	yes	DLBCL	yes	cyclophosphamide,doxorubicin,vincristine,gemcitabine	normal	yes	cancer	white	urban	trigone	0.0	0.0	1.0	1.0	2.0	1.0	1.0	1.0	1.0	1.0	1.0	1.0	1.0	5.6	0.42485549132947964	BMI_above30	AGE_above50	NovaSeq 6000	3.8	9	76.0	0.0	9446.063737001006	7623.205559146736	4268.50471883602	9561.494796312816	5144.890181363352	2753.402774719225	5729.552906110283	3582.3362856352064	20081.66	22902.62962962963	3906.232083425782	9616.333566923617	3646.0548065650646	19131.33957219251	2809.628472222222	2877.7796610169494	8317.569296943777	bladder_brush	
P19_0008_BDO_01	P19_0008	A149	72	M	28.3	former	yes	no		occasional	yes	yes	yes	MM	yes	lenalidomide,cyclophosphamide,radiation	normal	no	cancer	white	countryside	dome	1.0	1.0	1.0	0.0	1.0	1.0	1.0	1.0	1.0	1.0	0.0	1.0	0.0	7.2	0.29479768786127164	BMI_below30	AGE_above50	NovaSeq X Plus	3.8	2	89.0	1.0	5108.354467181035	6593.080963154493	2570.617184427841	3207.592030924769	5366.9896185115695	2981.6364236952213	4374.544709388972	5380.27608635483	2035.886363636364	4938.668518518519	6636.928111826049	5494.578135949544	4975.969519343494	2934.645276292335	5894.118055555556	1441.3333333333333	4370.95117488087	bladder_brush	
P19_0001_BTR_01	P19_0001	A133	24	M	30.1	never	no	no	0.0	no	no	no	no	no	no		normal	no	heart_disease	white	countryside	trigone	0.0	1.0	0.0	0.0	0.0	0.0	0.0	0.0	0.0	0.0	0.0	1.0	0.0	2.4	0.3468208092485549	BMI_above30	AGE_below50	NovaSeq 6000	4.0	3	121.0	0.0	6232.024097059152	7801.236748545572	3001.6767597326	3686.086232530479	6237.793370856785	3343.5120017617264	4924.637481371088	6541.577497924162	2180.1245454545456	7210.483333333334	7638.13578877302	6367.466713384723	5444.81184056272	3724.665775401069	6841.708333333333	490.7683615819209	5104.1693051003895	bladder_brush	
P19_0041_BDO_01	P19_0041	20-47	59	F	52.7	never	no	no	0.0				no	no	no		normal	no	heart_disease	white	countryside	dome	1.0	0.0	0.0	0.0	0.0	0.0	0.0	1.0			0.0	1.0	0.0	5.9	1.0	BMI_above30	AGE_above50	NovaSeq 6000	5.9	3	159.0	0.0	4305.188191881919	4721.002424046542	4573.620920173024	5608.284269997026	4665.97310819262	5312.856639506716	4392.304396423249	4657.111403265984	2385.021818181818	5453.885185185185	5192.524295540271	4991.056762438682	5021.618991793669	3968.9607843137255	5407.927083333333	1000.2994350282486	4478.602231831375	bladder_brush	
P19_0029_BTR_01	P19_0029	A188	82	F	32.3	former	yes	no		no	no	no	no	no	no		normal	no	autoimmune_disease	asian	urban	trigone	0.0	0.0	1.0	0.0	1.0	0.0	0.0	1.0	0.0	0.0	0.0	0.0	1.0	8.2	0.4104046242774565	BMI_above30	AGE_above50	NovaSeq 6000	6.0	7	35.0	0.0	7038.504249133401	5827.446186166774	3818.124655918207	7049.271186440678	4695.873045653533	3815.97643690817	4430.573273720815	4245.98104068641	4800.237272727272	6503.105555555556	4659.077656978035	6600.417659425368	3682.278135990621	7611.934046345811	4025.8263888888887	993.2090395480226	4987.364739380473	bladder_brush	
P19_0007_BDO_01	P19_0007	A141	67	M	22.7	former	yes	no		no	no	no	no	no	no	cyclophosphamide,radiation	normal	no	lung_disease	white	countryside	dome	1.0	1.0	1.0	0.0	1.0	0.0	0.0	1.0	0.0	0.0	0.0	1.0	0.0	6.7	0.13294797687861265	BMI_below30	AGE_above50	NovaSeq X Plus	2.4	4	108.0	1.0	3339.431678407693	5176.551228183581	1776.0385371608336	2308.313113291704	3724.871669793621	2041.9605813697424	2645.6249379036262	3524.0950733462496	1424.3472727272726	2875.955555555556	4912.079653871755	3614.863349684653	3179.117233294256	1645.5650623885915	4185.416666666667	646.9322033898305	2938.822738564727	bladder_brush	
P19_0008_BTR_01	P19_0008	A149	72	M	28.3	former	yes	no		occasional	yes	yes	yes	MM	yes	lenalidomide,cyclophosphamide,radiation	normal	no	cancer	white	countryside	trigone	0.0	1.0	1.0	0.0	1.0	1.0	1.0	1.0	1.0	1.0	0.0	1.0	0.0	7.2	0.29479768786127164	BMI_below30	AGE_above50	NovaSeq X Plus	2.1	2	89.0	1.0	9627.561165157103	10117.615223012284	3162.155918206842	6904.681534344335	7075.643277048155	2909.482713058798	7250.000372578242	6245.9047882646	5319.01	14764.3	7127.453738628799	11086.615276804485	4792.034583821805	11573.67825311943	4466.979166666667	5035.689265536723	7341.175329765517	bladder_brush	
P19_0014_BDO_01	P19_0014	A162	60	M	28.8	never	no	no	0.0	heavy	yes	yes	yes	CRC	no		normal	no	cancer	white	urban	dome	1.0	1.0	0.0	0.0	0.0	1.0	0.0	1.0	1.0	1.0	0.0	1.0	1.0	6.0	0.3092485549132948	BMI_below30	AGE_above50	NovaSeq 6000	3.6	6	48.0	0.0	6990.254165268925	8474.93729799612	3263.54758159654	4108.330062444246	6759.973608505316	3731.189385597886	5207.268380526577	7004.986853030722	2845.950909090909	7422.068518518518	8386.18082982028	6950.992992291521	6300.753516998828	4068.139928698752	7997.114583333333	676.3785310734463	5636.754196549496	bladder_brush	
P19_0005_BDO_01	P19_0005	A139	72	F	28.9	never	no	no	0.0				no	no	no		normal	no	heart_disease	white	urban	dome	1.0	0.0	0.0	0.0	0.0	0.0	0.0	1.0			0.0	1.0	1.0	7.2	0.3121387283236993	BMI_below30	AGE_above50	NovaSeq 6000	4.09999999999999	3	112.0	0.0	6301.994353125349	7301.047349709114	6592.496657491152	6308.961641391615	6372.079674796748	7136.011010790575	5146.705414803775	6813.713396069748	2500.639090909091	7504.335185185185	7851.875970712225	6183.386825508059	6587.014654161782	3893.51871657754	7545.847222222223	624.2372881355932	5916.491528224361	bladder_brush	
P19_0018_BTR_01	P19_0018	A171	87	M	21.0	former	yes	no	80.0	no	no	no	yes	metastatic_LC_and_meningiomas			normal	no	cancer	white	urban	trigone	0.0	1.0	1.0	0.0	1.0	1.0		1.0	0.0	0.0	0.0	1.0	1.0	8.7	0.08381502890173406	BMI_below30	AGE_above50	NovaSeq X Plus	2.6	4	40.0	1.0	6336.179749524768	7646.0980930833875	2772.567243413291	3947.3826940231934	6437.63176985616	3242.593261396168	5330.694982613016	6652.843343481871	1688.908181818182	5443.0462962962965	7579.261149323275	6908.40995094604	5445.11694021102	3539.729946524064	6926.809027777777	1599.3672316384182	5093.539991370433	bladder_brush	
P19_0027_BTR_01	P19_0027	A186	35	M	37.0	never	no	no	0.0	heavy	yes	yes	no	no	no		normal	no	heart_disease	hispanic 	countryside	trigone	0.0	1.0	0.0	0.0	0.0	0.0	0.0	0.0	1.0	1.0	0.0		0.0	3.5	0.546242774566474	BMI_above30	AGE_below50	NovaSeq X Plus	2.9	5	39.0	1.0	7009.251313876775	9269.315449256626	3510.6346834447504	4388.651798988998	7432.747592245153	4040.038097335389	5465.440263288624	7125.171187378909	2780.910909090909	5874.001851851852	9210.13845129798	7649.496145760337	6532.994431418523	3185.0409982174688	8643.628472222223	1486.9378531073446	5850.274968673866	bladder_brush	
P19_0029_BDO_01	P19_0029	A188	82	F	32.3	former	yes	no		no	no	no	no	no	no		normal	no	autoimmune_disease	asian	urban	dome	1.0	0.0	1.0	0.0	1.0	0.0	0.0	1.0	0.0	0.0	0.0	0.0	1.0	8.2	0.4104046242774565	BMI_above30	AGE_above50	NovaSeq 6000	5.7	7	35.0	0.0	4465.884937940288	5124.841952165481	4312.499606763665	4841.417484388939	4354.570356472796	4621.65536225501	3460.2358420268256	4544.243564904512	1448.0727272727272	5249.55	5326.035278455735	4127.900490539593	4191.741793669402	2763.896613190731	5035.465277777777	340.909604519774	4013.0575557714537	bladder_brush	
P19_0045_BTR_01	P19_0045	20-84	81	M	19.7	former	yes	no		moderate	yes	yes	yes	ESCC	yes	radiotherapy	normal	no	lung_disease	white	countryside	trigone	0.0	1.0	1.0	0.0	1.0	1.0	1.0	1.0	1.0	1.0	0.0	1.0	0.0	8.1	0.046242774566473924	BMI_below30	AGE_above50	NovaSeq 6000	7.6	4	75.0	0.0	2760.321424577882	2629.6174854557207	1146.7325992921749	1506.0719595599166	3171.7254534083804	1449.8744769874477	2924.9381520119223	2860.235676722945	1663.9272727272728	3091.9240740740743	3035.268249389838	3093.985984583041	3367.8748534583824	2634.0017825311943	3752.336805555556	1032.1864406779662	2507.563918188357	bladder_brush	
P19_0007_BTR_01	P19_0007	A141	67	M	22.7	former	yes	no		no	no	no	no	no	no	cyclophosphamide,radiation	normal	no	lung_disease	white	countryside	trigone	0.0	1.0	1.0	0.0	1.0	0.0	0.0	1.0	0.0	0.0	0.0	1.0	0.0	6.7	0.13294797687861265	BMI_below30	AGE_above50	NovaSeq 6000	5.5	4	108.0	0.0	6157.594095940959	6922.402714932126	1886.5349980338185	4395.420755278025	5063.830644152596	2311.967408059899	4620.065573770492	4472.958068087462	3004.6054545454544	4551.298148148148	6139.920124251164	6555.826909600561	3968.3974208675263	5470.885026737968	4985.871527777777	2621.9209039548023	4570.593735883674	bladder_brush	
P19_0030_BTR_01	P19_0030	A189	51	F	24.5	former	yes	no		former	yes	no	no	no	no		normal	no	liver_failure	white	countryside	trigone	0.0	0.0	1.0	0.0	1.0	0.0	0.0	1.0	1.0	0.0	0.0	1.0	0.0	5.1	0.18497109826589592	BMI_below30	AGE_above50	NovaSeq X Plus	5.4	1	34.0	1.0	5959.024320697752	7950.748383968972	5619.20212347621	7336.190900981267	6023.872670419012	6448.219114732437	4387.378042722305	5879.162330473291	1954.9581818181816	5193.6	7599.328821832704	5985.858444288718	5272.706916764361	2598.85026737968	7048.027777777777	824.6271186440678	5380.109713498547	bladder_brush	
P19_0026_BDO_01	P19_0026	A184	57	M	20.8	current	yes	yes		no	no	no	no	no	no		normal	no	heart_disease	white	countryside	dome	1.0	1.0	1.0	1.0	2.0	0.0	0.0	1.0	0.0	0.0	0.0	1.0	0.0	5.7	0.07803468208092483	BMI_below30	AGE_above50	NovaSeq 6000	6.7	7	41.0	0.0	7904.034552163704	8329.8547188106	3316.977585528903	3999.073743681237	6521.71181988743	3708.780885267562	5222.595131644312	6474.777193468032	3640.8181818181824	10616.692592592592	7522.142223208342	7447.680448493343	6633.446365767878	5290.622994652406	6794.96875	895.4011299435028	5894.973644808002	bladder_brush	
P19_0019_BTR_01	P19_0019	A173	59	F	21.3	never	no	no	0.0				yes	CNS_and_DLBCL	no		normal	no	cancer	white	countryside	trigone	0.0	0.0	0.0	0.0	0.0	1.0	0.0	1.0			0.0	1.0	0.0	5.9	0.09248554913294796	BMI_below30	AGE_above50	NovaSeq 6000	1.7	4	24.0	0.0	4557.580453986358	4737.358435681965	4372.932166732207	4884.193279809694	4631.348342714196	5365.247302356309	4107.76912568306	4891.487268198173	1640.3545454545454	4393.144444444444	5193.787441757267	4753.323756131745	4976.946951934349	3336.3582887700536	5728.548611111111	799.1977401129943	4273.0986346799045	bladder_brush	
P19_0036_BTR_01	P19_0036	A20-24	23	M	30.0	current	yes	yes		no	no	no	no	no	no		normal	no	lung_disease	white	urban	trigone	0.0	1.0	1.0	1.0	2.0	0.0	0.0	0.0	0.0	0.0	0.0	1.0	1.0	2.3	0.34393063583815026	BMI_above30	AGE_below50	NovaSeq X Plus	4.8	7	159.0	1.0	1473.949401766745	1391.0266645119586	633.7033031852143	876.8736247398157	1277.282426516573	443.64545254349264	1357.8717088922008	1267.9903127594796	2251.838181818182	2815.072222222222	1056.6492123363655	1399.5893482831111	1102.3889214536928	1661.9135472370767	1068.0868055555557	1351.011299435028	1339.3057770785445	bladder_brush	
P19_0005_BTR_01	P19_0005	A139	72	F	28.9	never	no	no	0.0				no	no	no		normal	no	heart_disease	white	urban	trigone	0.0	0.0	0.0	0.0	0.0	0.0	0.0	1.0			0.0	1.0	1.0	7.2	0.3121387283236993	BMI_below30	AGE_above50	NovaSeq 6000	4.3	3	112.0	0.0	5561.562954265906	6499.249515190691	5936.304954777822	5994.380017841213	5663.292808005003	6548.547456507377	4513.418777943368	6139.181981732632	2212.5827272727274	6274.77037037037	7046.984690481473	5543.038542396636	5808.016998827667	3397.9732620320856	6901.100694444444	473.8870056497176	5282.143297358696	bladder_brush	
P19_0015_BTR_01	P19_0015	A164	69	M	25.2	former	yes	no		former	yes	no	no	no	no		normal	no	heart_disease		urban	trigone	0.0	1.0	1.0	0.0	1.0	0.0	0.0	1.0	1.0	0.0	0.0		1.0	6.9	0.20520231213872825	BMI_below30	AGE_above50	NovaSeq 6000	1.7	3	47.0	0.0	5704.365649111037	5954.127020038784	2395.9874164372786	3616.40440083259	5273.738961851157	2746.935696983044	5283.901887729757	5399.129532244672	2856.8436363636365	8421.853703703704	5931.06767250943	6233.9859845830415	4804.756740914419	7517.579322638147	5705.850694444444	1144.7005649717514	4936.951805334806	bladder_brush	
P19_0013_BTR_01	P19_0013	A161	73	F	33.2	never	no	no	0.0	no	no	no	yes	DLBCL	yes	cyclophosphamide,doxorubicin,vincristine,gemcitabine	normal	no	cancer	white	countryside	trigone	0.0	0.0	0.0	0.0	0.0	1.0	1.0	1.0	0.0	0.0	0.0	1.0	0.0	7.3	0.4364161849710983	BMI_above30	AGE_above50	NovaSeq 6000	5.09999999999999	1	52.0	0.0	3816.629374930113	4448.446024563672	3553.9294140778607	3957.59738328873	3883.221763602252	4246.192028187624	3011.090660705415	3721.398699141987	1620.3136363636363	4136.35	4643.565564677169	3830.855641205326	4034.628077373974	2229.4135472370767	4765.697916666667	353.2881355932203	3515.7886167259203	bladder_brush	
P19_0048_BTR_01	P19_0048	UF-20-32	65	M	31.7	former	yes	no	30.0	no	no	no	yes	DLBCL	yes	cyclophosphamide,doxorubicin,vincristine,gemcitabine,cisplatin,radiotherapy,carmustine,etoposide,cytarabine,melphalan	normal	no	cancer	white	countryside	trigone	0.0	1.0	1.0	0.0	1.0	1.0	1.0	1.0	0.0	0.0	0.0	1.0	0.0	6.5	0.3930635838150288	BMI_above30	AGE_above50	NovaSeq X Plus	3.0	2	177.0	1.0	3636.1956278653697	4408.277472527472	1888.5843491938656	2144.2899197145407	3943.190494058787	2154.019599207223	3420.117237953304	3984.629117077221	1715.379090909091	4776.142592592592	4368.324828045263	4192.395234758234	4068.7356389214538	3426.361853832442	4234.614583333333	1813.6327683615816	3385.930650521986	bladder_brush	
P19_0034_BTR_01	P19_0034	A20-22	72	M	28.3	never	no	no	0.0	occasional	yes	yes	no	no	no		normal	no	heart_disease	white	countryside	trigone	0.0	1.0	0.0	0.0	0.0	0.0	0.0	1.0	1.0	1.0	0.0	1.0	0.0	7.2	0.29479768786127164	BMI_below30	AGE_above50	NovaSeq 6000	4.09999999999999	3	163.0	0.0	4383.717823996421	4060.59534583064	1448.7441997640583	2611.218257508177	4065.089555972482	1789.4040960140935	4147.478638847491	3388.646554110158	2461.961818181818	5660.827777777778	3803.1857111160416	5265.2200420462505	3766.191676436108	5796.9786096256685	3970.5138888888887	1209.54802259887	3614.332626169684	bladder_brush	
P19_0002_BDO_01	P19_0002	A135	73	F	27.8	former	yes	no	20.0	occasional	yes	yes	yes	MGUS	yes	cyclophosphamide,radiation	normal	yes	amyloidosis	white	countryside	dome	1.0	0.0	1.0	0.0	1.0	1.0	1.0	1.0	1.0	1.0	1.0	1.0	0.0	7.3	0.2803468208092485	BMI_below30	AGE_above50	NovaSeq 6000	2.8	1	121.0	0.0	3708.80297439338	4595.934550743375	3811.7801808887134	4194.864406779661	4341.020137585992	4636.7304558467295	3748.342647789369	3795.115970107944	3929.3772727272726	6685.933333333333	4337.512757932105	4897.51857042747	4508.087631887456	4777.735294117647	4912.277777777777	581.9604519774011	4216.437150894727	bladder_brush	
P19_0009_BDO_01	P19_0009	A150	56	F	32.8	current	yes	yes		heavy	yes	yes	yes	DLBCL	yes	cyclophosphamide,doxorubicin,vincristine,gemcitabine	normal	yes	cancer	white	urban	dome	1.0	0.0	1.0	1.0	2.0	1.0	1.0	1.0	1.0	1.0	1.0	1.0	1.0	5.6	0.42485549132947964	BMI_above30	AGE_above50	NovaSeq 6000	6.2	9	76.0	0.0	4647.278150508778	4865.495475113122	3425.181675186788	4700.053820993161	4261.62301438399	3671.825589077296	3549.686661698957	3665.422225297537	1344.500909090909	3917.446296296296	4352.411360106501	5027.231955150666	3440.5917350527548	3457.492869875223	3944.9236111111113	512.8700564971751	3674.002212840017	bladder_brush	
P19_0015_BDO_01	P19_0015	A164	69	M	25.2	former	yes	no		former	yes	no	no	no	no		normal	no	heart_disease		urban	dome	1.0	1.0	1.0	0.0	1.0	0.0	0.0	1.0	1.0	0.0	0.0		1.0	6.9	0.20520231213872825	BMI_below30	AGE_above50	NovaSeq 6000	5.5	3	47.0	0.0	5411.260203511126	6012.197478991597	2832.5112072355487	2738.848052334225	5695.813508442777	3190.0499889892094	4663.589667163437	6040.518128978688	1632.9618181818182	5981.701851851852	6641.539605058798	5325.318149964962	5855.415592028136	3208.333333333333	6691.767361111111	589.5367231638418	4531.960166896279	bladder_brush	
P19_0006_BDO_01	P19_0006	A140	48	F	25.2	never	no	no	0.0	occasional	yes	yes	no	no	no	cyclophosphamide,radiation	normal	no	lung_disease	white	countryside	dome	1.0	0.0	0.0	0.0	0.0	0.0	0.0	0.0	1.0	1.0	0.0	1.0	0.0	4.8	0.20520231213872825	BMI_below30	AGE_below50	NovaSeq X Plus	2.9	2	98.0	1.0	4237.233366879123	5557.66047188106	4498.73613841919	5586.393398751116	4284.656035021889	5417.866769434046	3384.976775956284	4385.563935787434	1190.952727272727	3563.722222222222	5720.792766807189	4760.791170287316	4044.8751465416176	2165.8636363636365	4870.197916666667	870.1242937853108	4033.775423254802	bladder_brush	
P19_0042_BDO_01	P19_0042	20-51	86	M	36.5	former	yes	no	35.0	no	no	no	no	no	no		normal	no	amyloidosis	white	urban	dome	1.0	1.0	1.0	0.0	1.0	0.0	0.0	1.0	0.0	0.0	0.0	1.0	1.0	8.6	0.5317919075144508	BMI_above30	AGE_above50	NovaSeq 6000	1.8	2	150.0	0.0	4950.710667561221	7071.084356819651	3624.532835233976	2673.351174546536	5176.461663539712	3037.7214269984584	4105.901763537009	3877.301273180183	24863.53363636364	27872.485185185185	5078.097847792323	6027.944639103013	5728.036342321219	16183.082887700535	5003.013888888889	996.54802259887	7891.862975710651	bladder_brush	
P19_0011_BDO_01	P19_0011	A154	62	M	18.1	current	yes	yes		heavy	yes	yes	no	no	no		normal	yes	liver_failure	white	countryside	dome	1.0	1.0	1.0	1.0	2.0	0.0	0.0	1.0	1.0	1.0	1.0	1.0	0.0	6.2	0.0	BMI_below30	AGE_above50	NovaSeq 6000	5.7	6	71.0	0.0	5456.882813373588	5896.478829993536	2328.687966968148	3107.3351174546538	5440.923577235772	2795.5382074432946	4642.779061102831	5277.419872681981	1377.6090909090908	5298.431481481482	6164.178389172398	5795.600560616678	5086.009378663541	3954.046345811052	6076.434027777777	498.8022598870057	4324.822311285801	bladder_brush	
P19_0023_BTR_01	P19_0023	A147	80	M	28.6	former	yes	no		former	yes	no	yes	MM	yes	bortezomib,lenalidomide,cyclophosphamide,pomaolidomide,radiotherapy	normal	no	cancer	white	urban	trigone	0.0	1.0	1.0	0.0	1.0	1.0	1.0	1.0	1.0	0.0	0.0	1.0	1.0	8.0	0.30346820809248554	BMI_below30	AGE_above50	NovaSeq 6000	6.1	3	94.0	0.0	6435.878676059488	6580.309954751131	3546.926464805348	3057.358311031817	6289.747217010632	3728.927548998018	5681.78912071535	7184.61444782729	1841.9481818181816	6765.47962962963	7502.203461282449	6009.289418360197	7165.725381008207	4127.421568627451	7279.694444444444	1109.0621468926554	5269.148498328893	bladder_brush	
P19_0047_BTR_01	P19_0047	UF-20-25	46	M	29.9	former	yes	no		former	yes	no	no	no	no		normal	no	heart_disease	white	countryside	trigone	0.0	1.0	1.0	0.0	1.0	0.0	0.0	0.0	1.0	0.0	0.0	1.0	0.0	4.6	0.34104046242774555	BMI_below30	AGE_below50	NovaSeq 6000	3.9	5	186.0	0.0	4748.967069216147	4562.710892049127	1787.7644514353126	2667.6604222420456	4584.845903689806	2148.209865668355	4175.036636860407	4456.3004428452805	2870.95	5366.866666666667	4756.370534723763	4961.160476524176	4837.233001172333	4372.272727272727	5567.666666666667	1244.4689265536724	3944.280292724156	bladder_brush	
P19_0024_BTR_01	P19_0024	A182	24	M	36.6	never	no	no	0.0	occasional	yes	yes	yes	HL	yes	vedotin,doxorubicin,vinblastine,dacarbazine,ifosfamide,carboplatin,etoposide,GCFS	normal	no	cancer	hispanic 	countryside	trigone	0.0	1.0	0.0	0.0	0.0	1.0	1.0	0.0	1.0	1.0	0.0		0.0	2.4	0.5346820809248555	BMI_above30	AGE_below50	NovaSeq 6000	5.8	2	49.0	0.0	7163.091244548809	6072.593244990304	2183.921156114825	3842.179898899792	6124.140337711069	2710.5512001761726	6382.310109289618	5830.862302795461	1945.9736363636364	5990.131481481481	5973.582205458176	7590.923615977575	5527.817702227432	7834.9028520499105	6069.53125	2146.1525423728813	5211.79154877857	bladder_brush	
P19_0025_BTR_01	P19_0025	A183	66	F	21.1	never	no	no	0.0	former	yes	no	yes	MGUS	no		normal	no	lung_disease	white	countryside	trigone	0.0	0.0	0.0	0.0	0.0	1.0	0.0	1.0	1.0	0.0	0.0	1.0	0.0	6.6	0.08670520231213873	BMI_below30	AGE_above50	NovaSeq 6000	5.7	5	42.0	0.0	4344.728670468523	4235.555914673561	3479.0957530475816	5819.249182277728	4044.409881175735	4791.453204140057	3601.2737208147046	3949.936894547468	1231.1109090909092	3578.003703703704	4726.645884180164	4488.379117028731	3766.803634232122	3334.7860962566847	4860.885416666667	508.02259887005647	3797.5212863234	bladder_brush	
P19_0004_BTR_01	P19_0004	A138	56	M	42.9	former	yes	no					no	no	no		normal	no	lung_disease	black	countryside	trigone	0.0	1.0	1.0	0.0	1.0	0.0	0.0	1.0			0.0	0.0	0.0	5.6	0.7167630057803467	BMI_above30	AGE_above50	NovaSeq 6000	1.8	3	114.0	0.0	10613.81443587163	9702.96978021978	2158.786669288242	8591.862027951234	6711.526454033771	2191.316009689496	7337.7065325385	6180.491558261832	7102.045454545455	17050.71851851852	5919.0286221433325	12221.55290819902	3998.784583821805	18091.77361853833	4241.458333333333	2196.2824858757062	7769.382374551875	bladder_brush	
P19_0035_BDO_01	P19_0035	A20-23	60	M	32.3	former	yes	no		former	yes	no	yes	SMZL	yes	bendamustine	yeast infection, acute	no	cancer	white	countryside	dome	1.0	1.0	1.0	0.0	1.0	1.0	1.0	1.0	1.0	0.0	0.0	1.0	0.0	6.0	0.4104046242774565	BMI_above30	AGE_above50	NovaSeq X Plus		3	162.0	1.0	6366.851336240635	7418.801712992889	2723.23692489186	3644.0597680642286	6609.512695434647	3022.2981722087648	5393.547193243915	6245.615001383892	2221.61	6110.259259259259	7069.082760150876	7007.695164681149	5701.039566236811	4525.723707664884	7085.118055555556	1632.870056497175	5173.582585906659	bladder_brush	
P19_0023_BDO_01	P19_0023	A147	80	M	28.6	former	yes	no		former	yes	no	yes	MM	yes	bortezomib,lenalidomide,cyclophosphamide,pomaolidomide,radiotherapy	normal	no	cancer	white	urban	dome	1.0	1.0	1.0	0.0	1.0	1.0	1.0	1.0	1.0	0.0	0.0	1.0	1.0	8.0	0.30346820809248554	BMI_below30	AGE_above50	NovaSeq 6000	5.9	3	94.0	0.0	5742.854523090686	5997.631706528766	3047.8393629571374	2769.7175141242938	5816.26353971232	3280.1770535124424	5161.496895181322	6421.479241627457	1486.8681818181817	5767.655555555555	6721.175726647437	5466.620882971269	6219.478018757327	3481.5222816399287	6758.229166666667	874.7457627118644	4688.359713343916	bladder_brush	
P19_0025_BDO_01	P19_0025	A183	66	F	21.1	never	no	no	0.0	former	yes	no	yes	MGUS	no		normal	no	lung_disease	white	countryside	dome	1.0	0.0	0.0	0.0	0.0	1.0	0.0	1.0	1.0	0.0	0.0	1.0	0.0	6.6	0.08670520231213873	BMI_below30	AGE_above50	NovaSeq 6000	4.2	5	42.0	0.0	3793.5080509896006	3392.161279896574	3123.5200550530867	4825.617305976806	3832.017135709819	4433.793217353006	3988.042846497765	3588.8116523664544	2066.6045454545456	4162.605555555556	3848.154426447748	4303.459004905396	4069.445779601407	4148.652406417113	4348.75	1122.1468926553673	3690.455634680016	bladder_brush	
P19_0004_BDO_01	P19_0004	A138	56	M	42.9	former	yes	no					no	no	no		normal	no	lung_disease	black	countryside	dome	1.0	1.0	1.0	0.0	1.0	0.0	0.0	1.0			0.0	0.0	0.0	5.6	0.7167630057803467	BMI_above30	AGE_above50	NovaSeq 6000	1.7	3	114.0	0.0	10543.09560550151	9903.034098254686	2967.948682658277	7035.883437407077	7889.525453408381	3237.013653380313	8070.422379533035	7706.940354276225	5217.195454545455	13908.094444444445	7594.948746394498	11860.707778556412	5920.8244431418525	14032.105169340464	6225.145833333333	1941.6723163841807	7753.409865660009	bladder_brush	
P19_0013_BDO_01	P19_0013	A161	73	F	33.2	never	no	no	0.0	no	no	no	yes	DLBCL	yes	cyclophosphamide,doxorubicin,vincristine,gemcitabine	normal	no	cancer	white	countryside	dome	1.0	0.0	0.0	0.0	0.0	1.0	1.0	1.0	0.0	0.0	0.0	1.0	0.0	7.3	0.4364161849710983	BMI_above30	AGE_above50	NovaSeq 6000	4.09999999999999	1	52.0	0.0	4598.935927541093	4906.806722689075	3893.794927251278	4092.1097234611952	4746.1838649155725	4373.7936577846285	4202.465226030799	4163.79075560476	2888.991818181818	6559.166666666667	4688.033281562015	4865.089698668536	5056.0149472450175	3088.2219251336896	5276.774305555556	869.2259887005649	4266.837464812017	bladder_brush	
P19_0026_BTR_01	P19_0026	A184	57	M	20.8	current	yes	yes		no	no	no	no	no	no		normal	no	heart_disease	white	countryside	trigone	0.0	1.0	1.0	1.0	2.0	0.0	0.0	1.0	0.0	0.0	0.0	1.0	0.0	5.7	0.07803468208092483	BMI_below30	AGE_above50	NovaSeq 6000	6.7	7	41.0	0.0	7417.422676954042	7692.460892049127	3119.001179709005	3955.446327683616	7033.808380237649	3534.447038097336	6279.227024341779	7130.514530860781	2362.626363636364	7711.266666666666	7737.782116707344	7475.367904695165	6539.703985932005	5437.164884135473	7326.649305555556	1058.2203389830509	5738.194351015311	bladder_brush	
P19_0020_BDO_01	P19_0020	A174	51	F	27.3								no	no	no		normal	no	stroke	white	countryside	dome	1.0	0.0				0.0	0.0	1.0			0.0	1.0	0.0	5.1	0.2658959537572254	BMI_below30	AGE_above50	NovaSeq 6000	4.7	5	32.0	0.0	7348.977636139998	7857.539269553976	6930.644121116791	8758.68807612251	7563.681926203877	8826.81303677604	6913.375062096374	7914.714088015499	2976.617272727273	6417.911111111112	8679.426003993787	8098.537491240364	7459.574150058616	5486.191622103387	8976.809027777777	1286.4858757062148	6968.499110671475	bladder_brush	
P19_0012_BDO_01	P19_0012	A160	46	F	30.8	former	yes	no		no	no	no	yes	ABLL_and_CRC	yes	cyclophosphamide,daunorubicin,vincristine,asparaginase,methotrexate,mercaptopurine,cytarabine,radiation,doxorubicin,thioguanine,doxorubicin,folinic acid,5FU,oxaliplatin	normal	no	cancer	white	urban	dome	1.0	0.0	1.0	0.0	1.0	1.0	1.0	0.0	0.0	0.0	0.0	1.0	1.0	4.6	0.36705202312138724	BMI_above30	AGE_below50	NovaSeq 6000	3.4	2	55.0	0.0	5658.311472660181	7385.917097608274	5233.372591427448	7613.111210228963	5541.36010006254	6015.319753358292	4177.983730750124	5869.87171325768	2405.2054545454544	5636.074074074074	7230.274240071	5668.7014716187805	4700.509964830012	3222.6898395721923	6622.090277777777	613.9774011299435	5224.673149560796	bladder_brush	
P19_0028_BTR_01	P19_0028	A187	66	M	28.0	current	yes	yes	25.82	former	yes	no	no	no	no		normal	no	liver_failure		countryside	trigone	0.0	1.0	1.0	1.0	2.0	0.0	0.0	1.0	1.0	0.0	0.0		0.0	6.6	0.28612716763005774	BMI_below30	AGE_above50	NovaSeq 6000	3.4	4	36.0	0.0	6398.409761824891	6325.044279250162	1870.6659457333856	4170.24055902468	5158.846904315197	2260.6795859942745	5139.355439642325	4901.653196789372	4131.4290909090905	7151.333333333333	5954.094297759041	7142.57953749124	4054.271688159437	7304.210338680927	5320.25	1254.6158192090395	4908.6049861322745	bladder_brush	
P19_0001_BDO_01	P19_0001	A133	24	M	30.1	never	no	no	0.0	no	no	no	no	no	no		normal	no	heart_disease	white	countryside	dome	1.0	1.0	0.0	0.0	0.0	0.0	0.0	0.0	0.0	0.0	0.0	1.0	0.0	2.4	0.3468208092485549	BMI_above30	AGE_below50	NovaSeq 6000	4.9	3	121.0	0.0	5688.342558425585	6950.858274078862	2950.7955171057806	3187.992566161165	5772.217135709819	3370.5780665051752	4335.111649279682	6010.652089676169	1896.860909090909	6262.712962962963	7333.893499001553	5549.427470217239	5674.441383352872	3101.390374331551	6644.104166666667	337.8079096045197	4691.699158260657	bladder_brush	
P19_0039_BTR_01	P19_0039	20-26	74	M	32.1	former	yes	no	20.0	no	no	no	no	no	no		normal	no	heart_disease	white	countryside	trigone	0.0	1.0	1.0	0.0	1.0	0.0	0.0	1.0	0.0	0.0	0.0	1.0	0.0	7.4	0.40462427745664736	BMI_above30	AGE_above50	NovaSeq X Plus	4.9	3	185.0	1.0	6748.412557307392	8179.26454427925	2647.74243020055	4195.937555753792	6644.650656660413	2988.446817881524	5441.615375062096	6355.627594796568	2150.59	5072.57037037037	7492.54648324828	7640.074281709881	5247.034583821805	4211.163992869875	6616.545138888889	1643.6892655367233	5204.744478024213	bladder_brush	
P19_0020_BTR_01	P19_0020	A174	51	F	27.3								no	no	no		normal	no	stroke	white	countryside	trigone	0.0	0.0				0.0	0.0	1.0			0.0	1.0	0.0	5.1	0.2658959537572254	BMI_below30	AGE_above50	NovaSeq 6000	4.0	5	32.0	0.0	7234.341272503634	7823.84825468649	6113.382225717656	9094.18316978888	6994.6277673545965	8060.308081920281	6265.921137605564	7165.314973706061	3238.576363636364	6287.809259259259	8243.621033947193	7790.384022424667	6443.720984759671	5452.820855614973	8139.201388888889	1244.6610169491526	6599.545113047709	bladder_brush	
P19_0002_BTR_01	P19_0002	A135	73	F	27.8	former	yes	no	20.0	occasional	yes	yes	yes	MGUS	yes	cyclophosphamide,radiation	normal	yes	amyloidosis	white	countryside	trigone	0.0	0.0	1.0	0.0	1.0	1.0	1.0	1.0	1.0	1.0	1.0	1.0	0.0	7.3	0.2803468208092485	BMI_below30	AGE_above50	NovaSeq 6000	5.8	1	121.0	0.0	3762.5924186514594	4423.450872656755	4099.806331104994	4568.475468331847	4177.627392120076	4765.484254569478	3258.3297317436663	4282.152089676169	1168.8763636363635	3601.098148148148	4845.481917017972	4015.498948843728	3890.8578546307153	2163.7219251336896	5067.017361111111	357.1977401129943	3652.979301093073	bladder_brush	
P19_0016_BDO_01	P19_0016	A165	79	M	23.9	former	yes	no		occasional	yes	yes	yes	PRAD	no	cyclophosphamide,radiation	normal	no	heart_disease	white	countryside	dome	1.0	1.0	1.0	0.0	1.0	1.0	0.0	1.0	1.0	1.0	0.0	1.0	0.0	7.9	0.16763005780346812	BMI_below30	AGE_above50	NovaSeq 6000	2.0	1	24.0	0.0	2603.868891870737	3089.5287653522946	1581.962445930004	1546.3945881653283	2993.476923076923	1676.7557806650518	2737.661947342275	3152.0192360918904	1567.4027272727274	4141.616666666667	3372.8244952296427	3206.7673440784865	3351.2069167643613	2878.667557932264	3655.597222222222	482.2768361581921	2627.376771551192	bladder_brush	
P19_0033_BDO_01	P19_0033	A20-21	31	F	18.8	never	no	no	0.0	occasional	yes	yes	no	no	no		normal	no	autoimmune_disease	white	urban	dome	1.0	0.0	0.0	0.0	0.0	0.0	0.0	0.0	1.0	1.0	0.0	1.0	1.0	3.1	0.02023121387283235	BMI_below30	AGE_below50	NovaSeq 6000	3.0	5	163.0	0.0	5241.988314883149	6271.499515190691	4632.740267400708	5742.119238774903	5331.758098811757	4714.703589517728	4116.815449577744	4862.894132300028	2459.7163636363634	6315.625925925926	5815.021300199689	5625.001401541696	4621.75263774912	4027.1434937611407	5227.180555555556	512.5706214689266	4719.9081816434455	bladder_brush	
P19_0038_BDO_01	P19_0038	20-18	51	F	27.5	never	no	no	0.0	no	no	no	yes	HL	yes	doxorubicin,bleomycin,vinblastine,dacarbazine	normal	no	cancer	white	countryside	dome	1.0	0.0	0.0	0.0	0.0	1.0	1.0	1.0	0.0	0.0	0.0	1.0	0.0	5.1	0.27167630057803466	BMI_below30	AGE_above50	NovaSeq X Plus	4.2	2	198.0	1.0	6664.360225874986	8165.817388493859	5019.985450255604	7191.999405292893	6248.99774859287	5178.56859722528	5088.838176850472	5902.589122612787	2675.661818181818	6619.207407407407	6923.920124251164	7210.421163279608	4941.019929660023	4946.350267379679	6202.059027777777	1719.1468926553673	5668.683921611975	bladder_brush	
P19_0042_BTR_01	P19_0042	20-51	86	M	36.5	former	yes	no	35.0	no	no	no	no	no	no		normal	no	amyloidosis	white	urban	trigone	0.0	1.0	1.0	0.0	1.0	0.0	0.0	1.0	0.0	0.0	0.0	1.0	1.0	8.6	0.5317919075144508	BMI_above30	AGE_above50	NovaSeq 6000	1.4	2	150.0	0.0	3498.259923962876	4892.650452488688	2412.944357058592	2198.796312815938	3847.8120075046895	2419.840123320854	3264.4752856433183	3620.5759756435095	8817.763636363636	10415.8	4119.468826270247	4499.334267694464	4352.057444314185	7010.639928698753	4619.986111111111	461.0056497175141	4403.213143913024	bladder_brush	
P19_0046_BDO_01	P19_0046	UF-20-9	61	M	32.1								no	no	no		normal	no	heart_disease		countryside	dome	1.0	1.0				0.0	0.0	1.0			0.0		0.0	6.1	0.40462427745664736	BMI_above30	AGE_above50	NovaSeq 6000	1.7	6	213.0	0.0	8608.419769652242	8659.371202327085	3481.1482500983093	5225.751709782932	7430.488055034397	3574.4565073772296	7257.853700943865	7196.686825352892	6266.25	13644.787037037036	7281.118704237852	9951.522775052556	6488.078546307152	12356.108734402853	6704.777777777777	1232.3446327683616	7209.947764259534	bladder_brush	
P19_0033_BTR_01	P19_0033	A20-21	31	F	18.8	never	no	no	0.0	occasional	yes	yes	no	no	no		normal	no	autoimmune_disease	white	urban	trigone	0.0	0.0	0.0	0.0	0.0	0.0	0.0	0.0	1.0	1.0	0.0	1.0	1.0	3.1	0.02023121387283235	BMI_below30	AGE_below50	NovaSeq 6000	1.4	5	163.0	0.0	1849.9262551716429	3251.377020038785	4364.417420369642	1102.8507285162057	2513.589993746092	3231.506496366439	1536.203179334327	1948.51439247163	12947.692727272728	10461.237037037035	3336.7921011759486	1522.7981779957954	4215.852872215709	4188.812834224599	2177.628472222222	209.40112994350284	3678.6625523813946	bladder_brush	
P19_0012_BTR_01	P19_0012	A160	46	F	30.8	former	yes	no		no	no	no	yes	ABLL_and_CRC	yes	cyclophosphamide,daunorubicin,vincristine,asparaginase,methotrexate,mercaptopurine,cytarabine,radiation,doxorubicin,thioguanine,doxorubicin,folinic acid,5FU,oxaliplatin	normal	no	cancer	white	urban	trigone	0.0	0.0	1.0	0.0	1.0	1.0	1.0	0.0	0.0	0.0	0.0	1.0	1.0	4.6	0.36705202312138724	BMI_above30	AGE_below50	NovaSeq 6000	1.6	2	55.0	0.0	7727.385329307838	9198.18196509373	6659.297483287456	10334.302408563784	7093.579987492182	7371.715921603171	6143.29433681073	7254.868253528924	5633.033636363636	11713.362962962963	8310.564011537608	9286.728100911005	5981.318874560375	8675.254901960785	7377.694444444444	1218.768361581921	7498.70943625066	bladder_brush	
P19_0024_BDO_01	P19_0024	A182	24	M	36.6	never	no	no	0.0	occasional	yes	yes	yes	HL	yes	vedotin,doxorubicin,vinblastine,dacarbazine,ifosfamide,carboplatin,etoposide,GCFS	normal	no	cancer	hispanic 	countryside	dome	1.0	1.0	0.0	0.0	0.0	1.0	1.0	0.0	1.0	1.0	0.0		0.0	2.4	0.5346820809248555	BMI_above30	AGE_below50	NovaSeq 6000	6.3	2	49.0	0.0	7292.664150732417	7853.657401422107	3601.66083366103	3613.250669045495	7390.367604752971	3887.2957498348383	6249.021609538003	7609.508995294769	2080.4454545454546	7782.194444444444	8305.24739294431	7267.061667834618	7282.272567409144	4741.213903743315	7982.743055555556	931.5819209039548	5866.886713853903	bladder_brush	
P19_0045_BDO_01	P19_0045	20-84	81	M	19.7	former	yes	no		moderate	yes	yes	yes	ESCC	yes	radiotherapy	normal	no	lung_disease	white	countryside	dome	1.0	1.0	1.0	0.0	1.0	1.0	1.0	1.0	1.0	1.0	0.0	1.0	0.0	8.1	0.046242774566473924	BMI_below30	AGE_above50	NovaSeq 6000	7.3	4	75.0	0.0	2529.5169406239515	2437.334841628959	1027.1940621313408	1412.9241748438894	2915.740337711069	1328.9500110107906	2738.519001490313	2543.0769443675617	1568.7518181818182	2806.453703703704	2680.920789882405	3000.834618079888	3044.622801875733	2553.4732620320856	3255.496527777778	1017.3898305084746	2303.8249791156104	bladder_brush	
P19_0014_BTR_01	P19_0014	A162	60	M	28.8	never	no	no	0.0	heavy	yes	yes	yes	CRC	no		normal	no	cancer	white	urban	trigone	0.0	1.0	0.0	0.0	0.0	1.0	0.0	1.0	1.0	1.0	0.0	1.0	1.0	6.0	0.3092485549132948	BMI_below30	AGE_above50	NovaSeq 6000	2.7	6	48.0	0.0	6110.206138879571	6954.890756302521	2590.4343295320487	3808.189711567053	6023.241776110069	3040.3411142920063	5035.259811227024	6183.707583725436	2691.280909090909	7123.0888888888885	6898.663412469492	6933.852137351087	5590.07121922626	5006.475935828877	6908.399305555556	797.3559322033898	5105.966185140636	bladder_brush	
P19_0031_BTR_01	P19_0031	A191	32	M	36.3					heavy	yes	yes	no	no	no		normal	no	liver_failure	white	urban	trigone	0.0	1.0				0.0	0.0	0.0	1.0	1.0	0.0	1.0	1.0	3.2	0.5260115606936415	BMI_above30	AGE_below50	NovaSeq X Plus	1.6	1	210.0	1.0	5319.386335681538	6924.745151906916	2905.423515532835	3623.8965209634257	4470.357098186367	1779.7819863466198	4399.897044212618	4082.0380570163297	25177.67272727273	25041.381481481483	4020.52340803195	5941.423966363	3418.303634232122	15742.467023172903	2574.302083333333	3206.0734463276835	7414.229592503867	bladder_brush	
P19_0034_BDO_01	P19_0034	A20-22	72	M	28.3	never	no	no	0.0	occasional	yes	yes	no	no	no		normal	no	heart_disease	white	countryside	dome	1.0	1.0	0.0	0.0	0.0	0.0	0.0	1.0	1.0	1.0	0.0	1.0	0.0	7.2	0.29479768786127164	BMI_below30	AGE_above50	NovaSeq 6000	4.8	3	163.0	0.0	5618.052890528906	5596.425824175824	2137.3128195045224	3179.322033898305	5516.3976235146965	2511.648535564854	5140.213735717834	4755.752283420979	2908.606363636364	7034.518518518518	5217.997115597958	6341.02382620883	5085.589097303634	5446.019607843137	5441.128472222223	1278.677966101695	4575.542919609893	bladder_brush	
P19_0018_BDO_01	P19_0018	A171	87	M	21.0	former	yes	no	80.0	no	no	no	yes	metastatic_LC_and_meningiomas			normal	no	cancer	white	urban	dome	1.0	1.0	1.0	0.0	1.0	1.0		1.0	0.0	0.0	0.0	1.0	1.0	8.7	0.08381502890173406	BMI_below30	AGE_above50	NovaSeq X Plus	3.0	4	40.0	1.0	5823.424689701443	7216.277472527472	2772.557609123083	3261.309545049063	5843.796372732958	3091.329663069808	4664.295330352707	5785.809022972599	2330.6945454545453	5756.661111111112	6790.777901042822	5789.284512964261	5230.544548651817	3076.9901960784314	6334.03125	1368.723163841808	4696.031683417121	bladder_brush	
P19_0040_BTR_01	P19_0040	20-40	41	M	36.4	former	yes	no		former	yes	no	no	no	no		normal	no	heart_disease	white	countryside	trigone	0.0	1.0	1.0	0.0	1.0	0.0	0.0	0.0	1.0	0.0	0.0	1.0	0.0	4.1	0.5289017341040462	BMI_above30	AGE_below50	NovaSeq 6000	3.0	4	167.0	0.0	3911.344123895784	4913.11570782159	2769.779394416044	2172.813559322034	4690.860037523452	3198.460030830214	3799.678837555887	4736.438555217271	2124.9554545454544	4817.425925925926	5834.814510761038	4486.374211632796	6339.769050410317	2834.3868092691623	7397.326388888889	637.8079096045198	4041.584406726273	bladder_brush	
P19_0011_BTR_01	P19_0011	A154	62	M	18.1	current	yes	yes		heavy	yes	yes	no	no	no		normal	yes	liver_failure	white	countryside	trigone	0.0	1.0	1.0	1.0	2.0	0.0	0.0	1.0	1.0	1.0	1.0	1.0	0.0	6.2	0.0	BMI_below30	AGE_above50	NovaSeq 6000	2.7	6	71.0	0.0	4400.59856871296	4856.198287007111	2006.2072355485648	2696.682723758549	4618.967979987492	2445.1682448799825	4148.241803278688	4215.216994187656	1759.4390909090907	5618.944444444444	5056.743731972488	5168.374912403644	4519.406213364596	4761.229946524064	5344.145833333333	566.7966101694915	3886.3976637801343	bladder_brush	
P19_0040_BDO_01	P19_0040	20-40	41	M	36.4	former	yes	no		former	yes	no	no	no	no		normal	no	heart_disease	white	countryside	dome	1.0	1.0	1.0	0.0	1.0	0.0	0.0	0.0	1.0	0.0	0.0	1.0	0.0	4.1	0.5289017341040462	BMI_above30	AGE_below50	NovaSeq 6000	3.4	4	167.0	0.0	6478.170803980767	7174.9893341952165	3362.071962249312	3474.8052334225395	6604.314696685428	3661.304338251487	5829.921882762047	6856.74273456961	2630.7354545454546	7833.177777777778	7438.419347681384	6841.515066573231	7107.652110199297	5186.9786096256685	8099.222222222223	1154.45197740113	5608.40459700891	bladder_brush	
P19_0003_BDO_01	P19_0003	A136	75	F	25.2	former	yes	no	0.5	occasional	yes	yes	no	no	no		normal	no	lung_disease	white	urban	dome	1.0	0.0	1.0	0.0	1.0	0.0	0.0	1.0	1.0	1.0	0.0	1.0	1.0	7.5	0.20520231213872825	BMI_below30	AGE_above50	NovaSeq X Plus	2.1	6	119.0	1.0	5735.079838980208	7546.007433742728	5583.8594180102245	7894.818316978888	5738.755847404628	6622.684650957939	4360.859786388475	5651.28577359535	2248.7727272727275	4749.966666666666	7298.584202351897	6222.145059565522	5092.328546307152	2727.339572192513	6570.277777777777	1152.1581920903957	5324.682738142694	bladder_brush	
P19_0028_BDO_01	P19_0028	A187	66	M	28.0	current	yes	yes	25.82	former	yes	no	no	no	no		normal	no	liver_failure		countryside	dome	1.0	1.0	1.0	1.0	2.0	0.0	0.0	1.0	1.0	0.0	0.0		0.0	6.6	0.28612716763005774	BMI_below30	AGE_above50	NovaSeq 6000	3.1	4	36.0	0.0	6864.016213798502	6522.021816418876	2283.7927644514352	4065.2313410645256	5993.664040025015	2672.480731116494	6190.573522106309	5634.164544699695	4754.893636363637	8624.511111111111	6456.259152429554	7973.592151366503	5386.363423212192	9477.470588235294	6159.09375	1776.988700564972	5677.194842935257	bladder_brush	
P19_0041_BTR_01	P19_0041	20-47	59	F	52.7	never	no	no	0.0				no	no	no		normal	no	heart_disease	white	countryside	trigone	0.0	0.0	0.0	0.0	0.0	0.0	0.0	1.0			0.0	1.0	0.0	5.9	1.0	BMI_above30	AGE_above50	NovaSeq 6000	4.7	3	159.0	0.0	3571.7659622050764	3298.814479638009	2554.426858041683	3997.302705917336	3441.321075672295	2974.404536445717	3634.975037257824	2771.4584832549126	2770.0963636363635	5000.614814814815	3032.0237408475705	4404.306937631394	3069.2470691676435	5689.475935828877	3034.090277777778	1597.1186440677966	3427.5901826378185	bladder_brush	
P19_0016_BTR_01	P19_0016	A165	79	M	23.9	former	yes	no		occasional	yes	yes	yes	PRAD	no	cyclophosphamide,radiation	normal	no	heart_disease	white	countryside	trigone	0.0	1.0	1.0	0.0	1.0	1.0	0.0	1.0	1.0	1.0	0.0	1.0	0.0	7.9	0.16763005780346812	BMI_below30	AGE_above50	NovaSeq 6000	1.6	1	24.0	0.0	4411.39298892989	5695.3754040077565	2988.7123476209204	2725.2795123401725	5241.083677298311	3113.911913675402	4546.75608544461	5293.373650705785	3816.869090909091	8791.325925925927	6098.731528733082	5521.248072880168	5778.730949589683	5469.565953654189	6380.392361111111	692.271186440678	4785.313790579174	bladder_brush	
P19_0043_BTR_01	P19_0043	20-55	37	F	45.4	former	yes	no		no	no	no	no	no	no		normal	no	heart_disease	pacific_islander	urban	trigone	0.0	0.0	1.0	0.0	1.0	0.0	0.0	0.0	0.0	0.0	0.0	0.0	1.0	3.7	0.7890173410404623	BMI_above30	AGE_below50	NovaSeq X Plus	1.9	3	144.0	1.0	5863.19780834172	8887.495798319327	6888.497443963823	6953.957775795421	5553.974484052533	5765.785730015416	4615.6901390958765	4907.745225574315	22304.70272727273	13426.11851851852	6158.43155092079	7451.98318149965	5809.593786635404	12175.322638146168	5193.020833333333	2593.689265536724	7784.32543168886	bladder_brush	
P19_0019_BDO_01	P19_0019	A173	59	F	21.3	never	no	no	0.0				yes	CNS_and_DLBCL	no		normal	no	cancer	white	countryside	dome	1.0	0.0	0.0	0.0	0.0	1.0	0.0	1.0			0.0	1.0	0.0	5.9	0.09248554913294796	BMI_below30	AGE_above50	NovaSeq 6000	2.5	4	24.0	0.0	4225.867494129487	4138.88720103426	3807.27015336217	4536.643770443056	4269.228893058162	4886.37987227483	4020.420640834576	4483.236091890396	1489.3663636363635	3920.8259259259257	4546.383847348568	4456.164681149264	4454.139507620164	3571.604278074866	5173.90625	954.9774011299436	3933.4563982445034	bladder_brush	
P19_0046_BTR_01	P19_0046	UF-20-9	61	M	32.1								no	no	no		normal	no	heart_disease		countryside	trigone	0.0	1.0				0.0	0.0	1.0			0.0		0.0	6.1	0.40462427745664736	BMI_above30	AGE_above50	NovaSeq 6000	1.8	6	213.0	0.0	1663.1451973610644	2885.800096961861	2805.47306331105	979.0422242045792	2349.602626641651	1980.08390222418	1968.4668405365128	2289.982701356213	10447.936363636363	6623.488888888889	3074.234080319503	1752.6096706377016	3568.7819460726846	5141.048128342246	2404.5625	299.774011299435	3139.6270151121207	bladder_brush	
P19_0050_BDO_01	P19_0050		50	M	23.7	current	yes	yes					no	no	no			no		white		dome	1.0	1.0	1.0	1.0	2.0	0.0	0.0				0.0	1.0		5.0	0.16184971098265888			NovaSeq X Plus		6		1.0																		bladder_brush	na
P19_0050_BTR_01	P19_0050		50	M	23.7	current	yes	yes					no	no	no			no		white		trigone	0.0	1.0	1.0	1.0	2.0	0.0	0.0				0.0	1.0		5.0	0.16184971098265888			NovaSeq X Plus		6		1.0																		bladder_brush	na
P19_0051_BDO_01	P19_0051		79	M	35.0	former	yes	no		ocassional	yes	yes	no	no	no			no		white		dome	1.0	1.0	1.0	0.0	1.0	0.0	0.0		1.0	1.0	0.0	1.0		7.9	0.48843930635838145			NovaSeq X Plus		5		1.0																		bladder_brush	na
P19_0051_BTR_01	P19_0051		79	M	35.0	former	yes	no		ocassional	yes	yes	no	no	no			no		white		trigone	0.0	1.0	1.0	0.0	1.0	0.0	0.0		1.0	1.0	0.0	1.0		7.9	0.48843930635838145			NovaSeq X Plus		5		1.0																		bladder_brush	na
P19_0052_BDO_01	P19_0052		31	F	44.5	current	yes	yes					no	no	no			yes		black		dome	1.0	0.0	1.0	1.0	2.0	0.0	0.0				1.0	0.0		3.1	0.7630057803468208			NovaSeq X Plus		5		1.0																		bladder_brush	na
P19_0052_BTR_01	P19_0052		31	F	44.5	current	yes	yes					no	no	no			yes		black		trigone	0.0	0.0	1.0	1.0	2.0	0.0	0.0				1.0	0.0		3.1	0.7630057803468208			NovaSeq X Plus		5		1.0																		bladder_brush	na
P19_0053_BDO_01	P19_0053		72	M	19.5	former	yes	no			yes	yes	yes	no	yes			no		white		dome	1.0	1.0	1.0	0.0	1.0	1.0	1.0		1.0	1.0	0.0	1.0		7.2	0.0404624277456647			NovaSeq X Plus		4		1.0																		bladder_brush	5FU and vectibix and omit irinotecan; BEVACIZUMAB; REGORAFENIB ; FOLFOX + Panitumumab; concurrent radiation 
P19_0053_BTR_01	P19_0053		72	M	19.5	former	yes	no			yes	yes	yes	no	yes			no		white		trigone	0.0	1.0	1.0	0.0	1.0	1.0	1.0		1.0	1.0	0.0	1.0		7.2	0.0404624277456647			NovaSeq X Plus		4		1.0																		bladder_brush	5FU and vectibix and omit irinotecan; BEVACIZUMAB; REGORAFENIB ; FOLFOX + Panitumumab; concurrent radiation 
